seq	sample	group	batch	snv_D5-precision	snv_D5-recall	snv_D6-precision	snv_D6-recall	snv_F7-precision	snv_F7-recall	snv_M8-precision	snv_M8-recall	snv_mendelian	indel_D5-precision	indel_D5-recall	indel_D6-precision	indel_D6-recall	indel_F7-precision	indel_F7-recall	indel_M8-precision	indel_M8-recall	indel_mendelian	snv_f1	indel_f1
WES	000001-1	PCR-free	000001	0.9942	0.9931	0.9944	0.9936	0.9939	0.9937	0.9941	0.995	0.971355296	0.899	0.9381	0.9003	0.9412	0.8935	0.9366	0.893	0.9405	0.782450191	0.9939998302322488	0.9172767270197514
WES	000001-2	PCR-free	000001	0.9946	0.9946	0.9946	0.9947	0.9944	0.9937	0.9949	0.9961	0.971214511	0.8965000000000001	0.9408	0.8967	0.9385	0.8957999999999999	0.9393	0.9026	0.9452	0.788656313	0.9946998781564981	0.9189208161697962
WES	000001-3	PCR-free	000001	0.9943	0.9945	0.9943	0.9942	0.9942	0.9943	0.9944	0.9957	0.972199249	0.9055	0.9447	0.9	0.9414	0.8914	0.9351	0.8981	0.9431	0.783822658	0.9944873900782474	0.9194241636818491
WES	000002-1	PCR	000002	0.4072	0.6679999999999999	0.4072	0.6679999999999999	0.4075	0.6714	0.4061	0.6664	0.261643431	0.3947	0.5959	0.3926	0.5968	0.3931	0.6002000000000001	0.3899	0.5904	0.415701661	0.5059443639515087	0.4733002786761919
WES	000002-2	PCR	000002	0.4075	0.6681999999999999	0.4075	0.6683	0.4075	0.6717	0.4067	0.6662	0.261717924	0.3933	0.5965	0.3938	0.5965	0.3953	0.6015	0.3867	0.5874	0.411898	0.5062187945013031	0.47297351118533104
WES	000002-3	PCR	000002	0.4073	0.6679999999999999	0.4074	0.6679999999999999	0.4075	0.6715000000000001	0.4068	0.6666	0.262003611	0.3951	0.5979	0.3923	0.5948	0.3936	0.6023	0.3901	0.5911	0.409227507	0.5061587901697996	0.47366624959469916
WES	000003-1	PCR	000003	0.9949	0.9863	0.9947	0.9881	0.9948	0.991	0.9945	0.9873	0.96138936	0.9227	0.9151	0.9238	0.9212	0.9226	0.9313	0.9222	0.9206	0.779631474	0.9914384088112386	0.9224278363157241
WES	000003-2	PCR	000003	0.9953	0.9883	0.9949	0.9886	0.9951	0.9899	0.9949	0.9869	0.962403463	0.9238	0.927	0.9337	0.928	0.9231	0.9257	0.9255	0.9137	0.789696366	0.9917261714144139	0.9250497065263978
WES	000003-3	PCR	000003	0.9945	0.986	0.9948	0.9871	0.9952	0.9865	0.9946	0.9875	0.961660118	0.9307	0.9171	0.928	0.9207	0.9265	0.9154	0.9273	0.9167	0.788042794	0.9907587470593033	0.9227679064110443
WES	101021-1	PCR	101021	0.9946	0.9976	0.994	0.9973	0.9945	0.9979	0.9943	0.9972	0.97712845	0.9369	0.9591	0.9351	0.9607	0.9334	0.9602	0.9306	0.9587	0.848181339	0.9959224985745931	0.9466621420333191
WES	101021-2	PCR	101021	0.9944	0.9975	0.9946	0.9976	0.9948	0.9975	0.9958	0.9979	0.978584123	0.9406	0.9639	0.9357	0.9629	0.9328	0.9585	0.9415	0.9635	0.85952381	0.9962605983483397	0.9497652466636171
WES	101021-3	PCR	101021	0.995	0.9976	0.9946	0.9977	0.9948	0.9972	0.9943	0.998	0.97882157	0.9386	0.9629	0.9382	0.9639	0.9269	0.9553	0.9351	0.9609	0.860163891	0.9961477526069302	0.9475453278329817
WES	101555-1	PCR	101555	0.9962	0.996	0.9966	0.9974	0.9961	0.997	0.9968	0.9975	0.970696275	0.9423	0.9628	0.9439	0.9642	0.94	0.9603	0.9439	0.9653	0.827763496	0.9966998758570591	0.952725839225539
WES	101555-2	PCR	101555	0.9966	0.9974	0.9962	0.9972	0.9965	0.9972	0.9964	0.9968	0.972690852	0.9447	0.9659	0.9453	0.9659	0.9404	0.9637	0.9394	0.9614	0.833068751	0.9967873564168164	0.9532128725659874
WES	101555-3	PCR	101555	0.9965	0.9971	0.9963	0.9971	0.9959	0.9958	0.9969	0.997	0.971312555	0.9445	0.9669	0.9476	0.9664	0.9424	0.9605	0.9439	0.9626	0.827252693	0.9965749360408152	0.9542496558785141
WES	101616-1	PCR	101616	0.9869	0.9123	0.9868	0.9111	0.9864	0.9037	0.984	0.8959	0.877087064	0.8062999999999999	0.7226	0.8131999999999999	0.7159	0.7940999999999999	0.7066	0.8101	0.6994	0.566589139	0.9441753917459283	0.7555257974671159
WES	101616-2	PCR	101616	0.9876	0.9137	0.9864	0.9127	0.9861	0.9026	0.9837	0.8952	0.869814599	0.8105	0.7242000000000001	0.8065000000000001	0.7215	0.7948999999999999	0.7069	0.8123999999999999	0.6938	0.596770789	0.9443009269298707	0.7558279434419637
WES	101616-3	PCR	101616	0.9858	0.9125	0.9871	0.9105	0.9868	0.9022	0.9848	0.8942	0.876363078	0.8131999999999999	0.7212000000000001	0.8140999999999999	0.7145999999999999	0.7946	0.7016	0.8118000000000001	0.693	0.612767372	0.9437275251275647	0.7546184989161866
WES	101624-1	PCR	101624	0.9876	0.9901	0.9866	0.9902	0.9871	0.9899	0.9851	0.9886	0.946929328	0.8448	0.9354	0.8591	0.9337	0.853	0.9327	0.8531	0.9363	0.793661274	0.9881475139364643	0.8916199048622961
WES	101624-2	PCR	101624	0.9866	0.9898	0.9874	0.99	0.9874	0.9899	0.985	0.989	0.947665309	0.8522	0.9337	0.8476	0.9321	0.8551000000000001	0.9286	0.8438	0.9315	0.779935275	0.9881350167482881	0.8886884511215427
WES	101624-3	PCR	101624	0.9869	0.99	0.9874	0.9902	0.9869	0.9901	0.9855	0.9887	0.948310379	0.8497	0.9296	0.8571	0.9386	0.8462000000000001	0.9294	0.8567	0.9298	0.810838102	0.9882101009970393	0.8903654312491567
WES	101629-1	PCR	101629	0.996	0.9916	0.9955	0.9916	0.9953	0.9878	0.9955	0.9903	0.964233834	0.9295	0.9363	0.9281	0.9348	0.9264	0.9232	0.9311	0.9282	0.805050505	0.9929425779848641	0.9296926325858704
WES	101629-2	PCR	101629	0.9948	0.9888	0.9951	0.9896	0.9954	0.9905	0.9954	0.9912	0.962267081	0.9249	0.9219	0.9224	0.9236	0.9335	0.9305	0.9262	0.9294	0.794684469	0.9925932049815851	0.9265479999854715
WES	101629-3	PCR	101629	0.9957	0.9902	0.9947	0.9911	0.9942	0.9879	0.9957	0.9891	0.964536398	0.9303	0.9329	0.9245	0.9275	0.924	0.9198	0.9255	0.9194	0.799546999	0.9923170337827854	0.9254827219886423
WES	101630ky-1	PCR	101630ky	0.9963	0.9947	0.996	0.995	0.9961	0.9954	0.9962	0.9954	0.990159377317	0.8673000000000001	0.9329	0.8593999999999999	0.9322	0.8606999999999999	0.9329	0.8562000000000001	0.9239	0.847046252481	0.9956372055698036	0.8943337820555364
WES	101630ky-2	PCR	101630ky	0.9962	0.995	0.9964	0.995	0.996	0.9953	0.9966	0.9955	0.989547038328	0.8634000000000001	0.9322	0.8698	0.9336	0.857	0.9322	0.8573000000000001	0.928	0.845768120346	0.9957496798895209	0.8953307897889392
WES	101630ky-3	PCR	101630ky	0.9961	0.9948	0.9961	0.995	0.996	0.9953	0.9948	0.9955	0.989422204109	0.8623000000000001	0.927	0.8590000000000001	0.9301	0.8634000000000001	0.9305	0.8545	0.9256	0.835419847328	0.9954497563961182	0.8927356545568524
WES	101630lc-1	PCR	101630lc	0.9962	0.9959	0.9961	0.9955	0.9962	0.9963	0.9965	0.9962	0.988991267022	0.8623999999999999	0.9332	0.8567	0.9318	0.8581	0.9346	0.855	0.9263	0.835329795299	0.9961124654848355	0.8932545599071854
WES	101630lc-2	PCR	101630lc	0.9959	0.9954	0.9958	0.9957	0.9957	0.9957	0.9965	0.9958	0.98962386511	0.8621	0.9343	0.863	0.9329	0.8553000000000001	0.9301	0.8504999999999999	0.9253	0.826684799033	0.9958124529357048	0.8926991297477305
WES	101630lc-3	PCR	101630lc	0.9961	0.995	0.9966	0.9959	0.996	0.9961	0.9964	0.9958	0.988644349917	0.8684999999999999	0.938	0.8679000000000001	0.9332	0.8623000000000001	0.9336	0.8578	0.9315	0.841944359523	0.9959873700811164	0.8977365400440784
WES	101680-1	PCR	101680	0.9961	0.9955	0.9947	0.9949	0.9945	0.9945	0.9954	0.9954	0.9764167	0.9212	0.9714	0.9157	0.9693	0.9378	0.9788	0.942	0.9756	0.896969697	0.9951249748920336	0.9509348188263922
WES	101680-2	PCR	101680	0.9954	0.9952	0.9955	0.9957	0.9946	0.9946	0.9951	0.995	0.975869323	0.928	0.9673	0.9304	0.9755	0.9073	0.9639	0.9294	0.9756	0.894477318	0.9951374943490368	0.9465856751397339
WES	101680-3	PCR	101680	0.9955	0.996	0.9951	0.9949	0.9954	0.9945	0.9955	0.9958	0.975734908	0.9417	0.9836	0.9247	0.9714	0.9257	0.966	0.9241	0.9756	0.898019802	0.995337425264218	0.9510604078739938
WES	101688-1	PCR	101688	0.9943	0.9916	0.9948	0.9922	0.9945	0.991	0.9946	0.9921	0.968248106	0.8902	0.9227	0.8856	0.9254	0.8801000000000001	0.918	0.8848	0.9157	0.780550997	0.9931354514194551	0.9024641926883952
WES	101688-2	PCR	101688	0.9941	0.9911	0.9938	0.9914	0.9946	0.9918	0.9943	0.9919	0.968685257	0.8837	0.9208	0.8773000000000001	0.9108	0.8785	0.9199	0.8852	0.9201	0.775079927	0.9928732147665358	0.8991602350490664
WES	101688-3	PCR	101688	0.9944	0.9916	0.9942	0.9926	0.9944	0.9917	0.9942	0.9922	0.968850353	0.8848999999999999	0.9198	0.8879	0.9221	0.8804000000000001	0.9178	0.8876999999999999	0.9214	0.789833146	0.9931611349574101	0.902409156019395
WES	101805-1	PCR	101805	0.9959	0.996	0.9955	0.9964	0.9958	0.9967	0.9943	0.9959	0.965092456	0.8484	0.9241	0.8376	0.9241	0.8384	0.9237	0.8434999999999999	0.9189	0.758536585	0.9958122369381747	0.8804831005658474
WES	101805-2	PCR	101805	0.9955	0.9971	0.9954	0.9969	0.9956	0.9967	0.9959	0.9958	0.967132016	0.8445999999999999	0.9296	0.8495999999999999	0.9315	0.8369	0.9244	0.8425	0.9141	0.7692739	0.9961121216924167	0.8822620452253573
WES	101805-3	PCR	101805	0.9957	0.9969	0.9953	0.9969	0.9957	0.9969	0.996	0.9966	0.96698639	0.8484	0.9251	0.8427	0.9271	0.8452	0.9253	0.8434	0.9187	0.767017676	0.9962496361215244	0.8827145371585596
WES	102032-1	PCR	102032	0.9873	0.9636	0.9881	0.9702	0.9885	0.9671	0.9883	0.9667	0.937611746	0.9456	0.7681	0.9315	0.8085	0.9282	0.7996	0.9274	0.7787000000000001	0.735238095	0.9773594552427736	0.8547485233647576
WES	102032-2	PCR	102032	0.9897	0.971	0.9878	0.9685	0.9904	0.976	0.989	0.9704	0.94163067	0.9394	0.8116	0.9271	0.7970999999999999	0.9432	0.8356	0.9326	0.8134999999999999	0.744157442	0.9802686536541121	0.8707922717630916
WES	102032-3	PCR	102032	0.9852	0.9548	0.9881	0.9669	0.9845	0.9444	0.9881	0.9654	0.924226341	0.9316	0.7547	0.9398	0.7847	0.9444	0.7284999999999999	0.9242	0.79	0.722733246	0.9719495396891193	0.8408779075501757
WES	102107-1	PCR	102107	0.9948	0.9978	0.9942	0.9977	0.9943	0.9974	0.9942	0.9977	0.973581326	0.9098	0.9591	0.9152	0.9635	0.8876000000000001	0.9439	0.8942	0.9558	0.816352201	0.9960097948062586	0.9278469980186644
WES	102107-2	PCR	102107	0.9928	0.9976	0.9922	0.9974	0.9952	0.9978	0.9935	0.9978	0.97341743	0.8996999999999999	0.9577	0.8908	0.9635	0.8864	0.9424	0.919	0.972	0.812940423	0.9955327695628504	0.9279547918195863
WES	102107-3	PCR	102107	0.9932	0.9975	0.9933	0.998	0.994	0.9978	0.9935	0.9978	0.974957445	0.9117	0.9679	0.8974	0.9577	0.8873000000000001	0.9515	0.8923000000000001	0.9602	0.810691824	0.9956328854298668	0.9272036670764061
WES	102171-1	PCR-free	102171	0.9944	0.9942	0.994	0.9946	0.9941	0.9949	0.9944	0.9947	0.973367963	0.9039	0.9422	0.9032	0.9427	0.8996999999999999	0.9414	0.8974	0.9378	0.808117696	0.9944124289796421	0.9206032889920319
WES	102171-2	PCR-free	102171	0.9943	0.9952	0.9947	0.9944	0.9948	0.9944	0.9938	0.9961	0.972891102	0.9087	0.9489	0.905	0.9422	0.8957999999999999	0.9384	0.9008	0.9436	0.806744623	0.9947121010945679	0.9224747864637347
WES	102171-3	PCR-free	102171	0.9945	0.9955	0.9945	0.9956	0.9942	0.994	0.9944	0.9958	0.973367313	0.9107	0.9484	0.9051	0.9441	0.8901	0.9342	0.8996999999999999	0.9417	0.805251641	0.9948122355666805	0.9212986191057332
WES	102192-1	PCR	102192	0.9956	0.995	0.9955	0.9951	0.9955	0.9948	0.9955	0.9955	0.978470676	0.9076	0.959	0.8967	0.9521	0.9044	0.9442	0.8920999999999999	0.9501	0.836052836	0.9953124365722736	0.9250551959640464
WES	102192-2	PCR	102192	0.9958	0.9952	0.996	0.9947	0.9949	0.9956	0.9955	0.9959	0.977050479	0.8815000000000001	0.9419	0.9103	0.9573	0.879	0.9372	0.8870999999999999	0.957	0.835019455	0.995449830465493	0.9179502376823498
WES	102192-3	PCR	102192	0.9959	0.9959	0.9955	0.9951	0.9964	0.9952	0.996	0.9954	0.978296955	0.8987	0.9573	0.8937999999999999	0.9521	0.8891	0.9494	0.8856999999999999	0.9432	0.827721222	0.995674876976016	0.9202278698298847
WES	102210-1	PCR	102210	0.9935	0.9974	0.9937	0.9976	0.9935	0.9981	0.9939	0.9982	0.976921719	0.8861	0.9382	0.8828	0.9398	0.8691	0.9343	0.8801000000000001	0.9384	0.830092593	0.9957331019658522	0.907662895545392
WES	102210-2	PCR	102210	0.9939	0.9973	0.9932	0.9977	0.9949	0.9982	0.9939	0.998	0.976366322	0.8791	0.9371	0.8832	0.9387	0.8714	0.9322	0.8752	0.9363	0.817405355	0.9958837650184158	0.9056933340286247
WES	102210-3	PCR	102210	0.9938	0.9973	0.9931	0.9977	0.9937	0.9976	0.9939	0.9981	0.975751697	0.8793000000000001	0.9355	0.877	0.9377	0.8801000000000001	0.9364	0.8802	0.939	0.8194315	0.9956458406351298	0.9072229739978379
WES	102213-1	PCR	102213	0.9921	0.9831	0.9922	0.9832	0.9921	0.9802	0.9923	0.9816	0.961212069	0.9485	0.9205	0.941	0.919	0.9453	0.9106	0.9497	0.9206	0.812483076	0.9870735232242331	0.9316773440013391
WES	102213-2	PCR	102213	0.9915	0.9824	0.9922	0.9831	0.9912	0.9824	0.992	0.9802	0.960062167	0.9466	0.9209	0.9494	0.9239	0.9407	0.9201	0.9408	0.9176	0.816088841	0.9868507856843147	0.9323476914137908
WES	102213-3	PCR	102213	0.9912	0.9822	0.9927	0.9818	0.9922	0.9832	0.9927	0.9825	0.959103354	0.9412	0.9153	0.9455	0.9192	0.9436	0.9247	0.9456	0.9233	0.818218843	0.9872881380491656	0.9321513060383957
WES	102234-1	PCR	102234	0.9953	0.9201	0.9946	0.9192	0.9954	0.9223	0.9948	0.922	0.969688421	0.9335	0.812	0.9221	0.802	0.944	0.8024	0.9388	0.7915000000000001	0.874517375	0.9565281962523151	0.8631819848270799
WES	102234-2	PCR	102234	0.9954	0.9199	0.9948	0.9211	0.995	0.9213	0.9942	0.9218	0.969993415	0.9369	0.8103	0.9297	0.8087000000000001	0.9396	0.7938	0.919	0.7866	0.848399247	0.9565148156001035	0.8605579107486676
WES	102234-3	PCR	102234	0.996	0.9211	0.9955	0.922	0.9955	0.9224	0.9954	0.9229	0.971152045	0.9261	0.8087000000000001	0.9399	0.802	0.9252	0.799	0.9229	0.7915000000000001	0.840888067	0.9574412657103012	0.8596412423335495
WES	102249-1	PCR	102249	0.9949	0.9876	0.9951	0.9866	0.9955	0.989	0.9954	0.9891	0.97456445993	0.9505	0.9231	0.9516	0.9263	0.9524	0.933	0.9529	0.9344	0.828763290431	0.9916369214005749	0.9403846849364569
WES	102249-2	PCR	102249	0.9955	0.9883	0.9947	0.9887	0.9955	0.9901	0.9949	0.9865	0.977524585352	0.9502	0.9289	0.9503	0.9309	0.9507	0.9359	0.9456	0.9192	0.839332583427	0.9917631775952229	0.9388460809929482
WES	102249-3	PCR	102249	0.9954	0.9868	0.9947	0.9876	0.995	0.9882	0.9948	0.9893	0.976500873403	0.9562	0.9221	0.9522	0.9254	0.9485	0.9294	0.9504	0.9363	0.841179807147	0.9914623369757499	0.9398998442519779
WES	102276-1	PCR	102276	0.9836	0.9936	0.9867	0.9932	0.9859	0.9942	0.9847	0.9927	0.965884169	0.9384	0.951	0.929	0.9441	0.9221	0.9373	0.9365	0.9523	0.869262865	0.9893076158825671	0.9387797276163867
WES	102276-2	PCR	102276	0.9876	0.9936	0.9861	0.9935	0.987	0.9938	0.986	0.9921	0.967835701	0.9413	0.9566	0.9267	0.9483	0.9552	0.9644	0.9401	0.9509	0.871369295	0.9899515014946039	0.9478777565303417
WES	102276-3	PCR	102276	0.986	0.9938	0.9865	0.9937	0.9869	0.9933	0.9856	0.9924	0.96941381	0.943	0.9636	0.9377	0.9594	0.9187	0.9416	0.9313	0.9482	0.870547945	0.9897623785651779	0.942824419258179
WES	102297-1	PCR	102297	0.9949	0.9968	0.9949	0.9962	0.9947	0.9959	0.9946	0.9959	0.976970468884	0.8946	0.9371	0.8952	0.9322	0.8876000000000001	0.9299	0.8926000000000001	0.931	0.773369952192	0.9954869707835112	0.9120839581674918
WES	102297-2	PCR	102297	0.9951	0.9953	0.9948	0.9965	0.9947	0.9961	0.995	0.9955	0.974868116887	0.8951	0.9297	0.8892	0.9326	0.8959999999999999	0.935	0.8975	0.9335	0.768761439902	0.9953746773081135	0.9131714432417521
WES	102297-3	PCR	102297	0.9948	0.9954	0.9948	0.9964	0.9944	0.9949	0.9948	0.9955	0.973887398669	0.8998999999999999	0.9317	0.8941	0.9319	0.8887	0.922	0.8906000000000001	0.928	0.763193087131	0.9951247701987973	0.9105229805785345
WES	103112-1	PCR	103112	0.988	0.9954	0.9876	0.996	0.9844	0.9919	0.9873	0.9951	0.975644826	0.8908	0.9238	0.8859	0.9243	0.8704000000000001	0.906	0.8926999999999999	0.9299	0.805700124	0.9906972083506913	0.9026140717270106
WES	103112-2	PCR	103112	0.9897	0.9975	0.9889	0.9968	0.9861	0.9932	0.9885	0.9962	0.976375347	0.9028	0.9414	0.8996	0.9393	0.8758	0.9215	0.8892	0.9294	0.840313495	0.9920978265253652	0.911910545923292
WES	103112-3	PCR	103112	0.9908	0.9971	0.9882	0.9967	0.9889	0.9961	0.9894	0.9967	0.978210426	0.8934000000000001	0.9366	0.8920999999999999	0.9323	0.8748	0.9236	0.8876999999999999	0.9326	0.838575957	0.9929738358800657	0.9085953361998714
WES	103122-1	PCR	103122	0.9877	0.9902	0.9873	0.9898	0.9875	0.9903	0.9863	0.9894	0.947910635013	0.8434	0.9288	0.8408	0.9288	0.853	0.9368	0.8537	0.9306	0.820820820821	0.9885606063485026	0.8875213399739265
WES	103122-2	PCR	103122	0.9876	0.9903	0.9876	0.9901	0.987	0.9904	0.986	0.989	0.947166626477	0.8425	0.9272	0.8353	0.9239	0.8491	0.9344	0.846	0.929	0.791693917593	0.9884978438766958	0.8838653907415029
WES	103122-3	PCR	103122	0.9872	0.9904	0.9875	0.9902	0.9868	0.9899	0.9855	0.9888	0.948192159988	0.857	0.9321	0.8367	0.9296	0.8565999999999999	0.9294	0.8482	0.9315	0.814242526033	0.988285094798666	0.8882743842528549
WES	103135-1	PCR	103135	0.9962	0.9975	0.9964	0.9977	0.997	0.9978	0.9965	0.9974	0.98830767	0.953	0.9758	0.9591	0.9736	0.9484	0.9767	0.9462	0.9741	0.881967213	0.9970621972195645	0.9632125394949831
WES	103135-2	PCR	103135	0.9965	0.9978	0.9968	0.9978	0.9966	0.9978	0.9966	0.9971	0.987820213	0.9424	0.967	0.9402	0.9626	0.9441	0.9744	0.9397	0.9655	0.872294372	0.9971247254768196	0.9543114300943047
WES	103135-3	PCR	103135	0.9967	0.9977	0.9964	0.9975	0.9968	0.9979	0.9968	0.9971	0.98821966	0.9615	0.9846	0.9573	0.978	0.957	0.9767	0.9438	0.9677	0.883695652	0.9971122799999994	0.9657006089543076
WES	103146-1	PCR	103146	0.9954	0.9981	0.9947	0.9982	0.9961	0.9985	0.9958	0.9982	0.98863418	0.9593	0.9826	0.9398	0.9771	0.9388	0.9767	0.9506	0.9766	0.884671533	0.9968730524788573	0.9624242469760526
WES	103146-2	PCR	103146	0.9964	0.998	0.9944	0.9981	0.9958	0.9986	0.996	0.9982	0.986239412	0.9525	0.9817	0.9474	0.9798	0.9481	0.9777	0.9496	0.9721	0.881636629	0.996935685949417	0.963399508996638
WES	103146-3	PCR	103146	0.993	0.9982	0.9954	0.9984	0.9958	0.9984	0.9958	0.9974	0.986614368	0.9539	0.9762	0.9583	0.9789	0.9386	0.973	0.9531	0.9775	0.890670554	0.996547154007295	0.9635119836559598
WES	105001-1	PCR	105001	0.9928	0.9512	0.9933	0.9523	0.991	0.9475	0.9932	0.9488	0.964380258	0.8462000000000001	0.7478	0.8162	0.7306	0.8112999999999999	0.7143999999999999	0.8493	0.7368000000000001	0.616725979	0.9707943167044137	0.77845684223197
WES	105001-2	PCR	105001	0.9921	0.9508	0.9915	0.951	0.9929	0.9484	0.9932	0.9504	0.966498718	0.8418000000000001	0.7373000000000001	0.8405	0.7402	0.8497	0.7328	0.8541	0.7444	0.703584374	0.9708268908516974	0.7889195454481313
WES	105001-3	PCR	105001	0.9922	0.9505	0.9934	0.9518	0.9929	0.952	0.9928	0.9489	0.966758759	0.8441	0.7392	0.8462000000000001	0.7459	0.8371999999999999	0.7444	0.8314	0.7312000000000001	0.640636298	0.9713578269821458	0.7868076206796735
WES	105343-1	PCR	105343	0.995	0.9923	0.9947	0.9933	0.9949	0.9908	0.9949	0.991	0.967492216	0.9211	0.9292	0.9231	0.9377	0.9204	0.9257	0.9251	0.9247	0.792666421	0.993359902658299	0.92585433570606
WES	105343-2	PCR	105343	0.9956	0.9932	0.9946	0.9921	0.995	0.9911	0.9946	0.9921	0.966260702	0.9241	0.9402	0.9231	0.9326	0.9114	0.9213	0.9187	0.9264	0.791503906	0.9935353942144716	0.9246908393807429
WES	105343-3	PCR	105343	0.9951	0.9918	0.9949	0.9932	0.9949	0.9916	0.9949	0.993	0.968312548	0.9213	0.929	0.9242	0.9351	0.923	0.9305	0.9253	0.9338	0.78723143	0.9936732209325811	0.9277543556592539
WES	106002-1	PCR	106002	0.9758	0.921	0.9768	0.9208	0.9761	0.9144	0.9717	0.9064	0.788409329	0.8131999999999999	0.7444	0.8108	0.7487999999999999	0.7958	0.7440000000000001	0.8073999999999999	0.7176	0.446987859	0.9444350062485845	0.7711832310917734
WES	106002-2	PCR	106002	0.9718	0.9273	0.9753	0.9236	0.9761	0.913	0.9705	0.9091	0.78536548	0.7984	0.7559999999999999	0.8062999999999999	0.7454999999999999	0.795	0.7312000000000001	0.8006	0.7271	0.45841095	0.9450170337326834	0.768794754349859
WES	106002-3	PCR	106002	0.9777	0.9117	0.9753	0.9256	0.9782	0.9126	0.9718	0.9045	0.789667954	0.8172	0.7234	0.8020999999999999	0.7521	0.7947	0.7345	0.8111	0.7231000000000001	0.458263493	0.943638147499023	0.7679328666514247
WES	106416-1	PCR	106416	0.9902	0.9946	0.9884	0.9944	0.9915	0.9939	0.9893	0.9954	0.97001818	0.7967	0.9796	0.8007	0.9857	0.8190000000000001	0.9766	0.7504000000000001	0.9817	0.866452132	0.9922063050152143	0.8759611212471341
WES	106416-2	PCR	106416	0.9878	0.9943	0.9915	0.994	0.9898	0.9948	0.9908	0.9933	0.967899941	0.7595000000000001	0.9755	0.8522	0.9939	0.7798	0.9873	0.789	0.9736	0.87611336	0.9920324736702975	0.878666700414702
WES	106416-3	PCR	106416	0.99	0.9953	0.991	0.9943	0.9899	0.9927	0.9893	0.9935	0.970363053	0.7776000000000001	0.9857	0.8016	0.9918	0.7853	0.966	0.7944	0.9675	0.868248773	0.9919959393468137	0.8736897113720805
WES	112061-1	PCR	112061	0.6102000000000001	0.6108	0.9949	0.9923	0.9947	0.9932	0.9942	0.9937	0.564813381	0.5736	0.6138	0.9402	0.977	0.922	0.9694	0.9243	0.971	0.528585757	0.8979993807224796	0.8608617601116001
WES	112061-2	PCR	112061	0.6039	0.6029	0.6042000000000001	0.603	0.6046	0.6035	0.6122	0.6108	0.745316421	0.5622	0.5637	0.5488000000000001	0.5616	0.5294	0.5872999999999999	0.5782	0.6025	0.713661202	0.605636921791263	0.5662560329997187
WES	112061-3	PCR	112061	0.9952	0.9939	0.9955	0.9937	0.6043999999999999	0.6037	0.9941	0.9933	0.96494668	0.9345	0.9749	0.9376	0.9666	0.5246	0.5808	0.9201	0.9627	0.859323882	0.8967245992437092	0.8495852996739398
WES	112120-1	PCR	112120	0.9955	0.9966	0.9962	0.9969	0.9952	0.9965	0.996	0.9969	0.978726445	0.9041	0.9519	0.8996	0.9511	0.8856	0.9426	0.8828	0.9412	0.818090955	0.996224736473545	0.9190736068939684
WES	112120-2	PCR	112120	0.9957	0.9967	0.9956	0.9967	0.9958	0.9967	0.996	0.9967	0.980854566	0.8962	0.95	0.8943000000000001	0.9519	0.8731	0.9388	0.8936	0.9445	0.811603868	0.9962372797915634	0.9169054172159435
WES	112120-3	PCR	112120	0.9957	0.9969	0.9961	0.9965	0.9952	0.9969	0.996	0.9967	0.980850455	0.8928	0.9481	0.8959999999999999	0.9459	0.8848999999999999	0.9441	0.8933	0.9456	0.811582109	0.9962496875501371	0.9180354157446647
WES	112178-1	PCR	112178	0.9951	0.9944	0.9936	0.9955	0.9959	0.9948	0.9953	0.995	0.971182901	0.8974	0.9388	0.8883	0.9343	0.8784000000000001	0.9309	0.8835999999999999	0.925	0.779066123	0.9949496607212622	0.9090168177509073
WES	112178-2	PCR	112178	0.9948	0.9948	0.995	0.9955	0.9953	0.995	0.9953	0.996	0.972261158	0.8759	0.9336	0.8789	0.9291	0.8809	0.9317	0.878	0.9294	0.778300408	0.995212447889212	0.9039226010729964
WES	112178-3	PCR	112178	0.9949	0.9953	0.9944	0.9954	0.9951	0.9944	0.996	0.996	0.974708794	0.8891	0.9373	0.8876000000000001	0.941	0.8879	0.9415	0.8822	0.9345	0.786050895	0.995187396343745	0.91189905876107
WES	113089-1	PCR	113089	0.9948	0.9947	0.9949	0.9954	0.9944	0.9951	0.9944	0.9947	0.979135089	0.9342	0.9547	0.9372	0.9601	0.9267	0.955	0.9314	0.9513	0.811341134	0.9947999472280968	0.943683144499365
WES	113089-2	PCR	113089	0.9948	0.9956	0.9946	0.9952	0.9945	0.9948	0.9946	0.9937	0.978914305	0.9376	0.9582	0.9391	0.9577	0.9207	0.9518	0.9215	0.9451	0.806054112	0.9947248806135812	0.9413098562870064
WES	113089-3	PCR	113089	0.9952	0.9954	0.9949	0.9949	0.9942	0.9945	0.995	0.9948	0.979528139	0.9355	0.9564	0.9353	0.9573	0.9245	0.9505	0.9323	0.9555	0.81462585	0.9948624893184173	0.9432709668209456
WES	114091-1	PCR	114091	0.9942	0.9946	0.9946	0.9946	0.9948	0.994	0.9946	0.9939	0.972982227	0.9374	0.9714	0.9262	0.9693	0.9355	0.9724	0.9265	0.9594	0.870935961	0.994412418916311	0.9494033443871887
WES	114091-2	PCR	114091	0.9949	0.9949	0.994	0.9933	0.9945	0.994	0.9943	0.9939	0.974145718	0.9315	0.9673	0.9389	0.9652	0.9256	0.9639	0.9237	0.9715	0.874146341	0.9942249434045749	0.9480724790144559
WES	114091-3	PCR	114091	0.9915	0.9943	0.9952	0.9943	0.9946	0.9941	0.9937	0.994	0.972349369	0.9414	0.9796	0.9413	0.9755	0.9317	0.9724	0.9346	0.9736	0.880157171	0.9939619342303477	0.9558828905596285
WES	114132-1	PCR	114132	0.9941	0.9859	0.9943	0.9863	0.9939	0.9853	0.9939	0.9849	0.969830377	0.906	0.9546	0.8887	0.9524	0.9065	0.948	0.9204	0.9504	0.861024033	0.989806928053818	0.9277646031522717
WES	114132-2	PCR	114132	0.9943	0.9864	0.9944	0.9859	0.9945	0.9862	0.9939	0.9848	0.968393129	0.9185	0.9637	0.9038	0.9524	0.9157	0.9622	0.9027	0.9482	0.860824742	0.9900319219029151	0.9328215183894366
WES	114132-3	PCR	114132	0.9942	0.9862	0.9945	0.9866	0.9935	0.9845	0.9932	0.9844	0.970425139	0.8884000000000001	0.9501	0.9	0.9524	0.9029	0.9527	0.9172	0.9595	0.877615063	0.9896195089455908	0.9271696422890933
WES	114139-1	PCR	114139	0.9932	0.9973	0.9926	0.9978	0.9929	0.9971	0.9921	0.9972	0.97968781	0.9039	0.9414	0.9046	0.9446	0.8956999999999999	0.9364	0.8981999999999999	0.9427	0.855076018	0.9950195038005135	0.920486605606812
WES	114139-2	PCR	114139	0.9935	0.9974	0.9931	0.9977	0.9926	0.997	0.9924	0.997	0.979951478	0.902	0.9457	0.8993000000000001	0.9414	0.8937999999999999	0.9396	0.8925	0.9352	0.848959608	0.9950826705467862	0.91817022967476
WES	114139-3	PCR	114139	0.9928	0.9974	0.9928	0.9968	0.9869	0.9919	0.9925	0.9974	0.979393056	0.8948	0.9409	0.8929	0.935	0.8832	0.9247	0.8883	0.9337	0.848344693	0.9935570782790955	0.9111610949180581
WES	114278-1	PCR	114278	0.9917	0.9956	0.9899	0.9945	0.9901	0.9944	0.9905	0.9956	0.976527068	0.8901	0.9297	0.8869	0.9243	0.8785	0.922	0.8828	0.9241	0.817603912	0.9927824087501507	0.9043463812945858
WES	114278-2	PCR	114278	0.9923	0.9971	0.9922	0.9973	0.9892	0.9939	0.9924	0.9968	0.975374024	0.8929	0.935	0.9004000000000001	0.9377	0.8839	0.9274	0.8844	0.9337	0.853219927	0.9938943091625843	0.9114114898070204
WES	114278-3	PCR	114278	0.9929	0.9972	0.9925	0.9974	0.9877	0.9921	0.9927	0.997	0.978232496	0.8946999999999999	0.9345	0.8937	0.9377	0.8776	0.9247	0.89	0.9326	0.845080764	0.9936824464316104	0.9101687919203548
WES	114492-1	PCR	114492	0.9757	0.9592	0.9759	0.9606	0.975	0.9541	0.9749	0.9528	0.910399338	0.8414	0.8104	0.8384	0.8170999999999999	0.8359000000000001	0.8015000000000001	0.8354	0.8014	0.684477963	0.9659323269862499	0.8224018996826905
WES	114492-2	PCR	114492	0.9756	0.9584	0.9759	0.9609	0.9759	0.9569	0.9747	0.9472	0.906879396	0.8382	0.8067	0.8428	0.8220000000000001	0.8473	0.8204	0.8461	0.7775	0.671226289	0.9655813243219453	0.8246005659082646
WES	114492-3	PCR	114492	0.9746	0.9547	0.975	0.9568	0.9749	0.952	0.9753	0.952	0.905774754	0.8348	0.7881999999999999	0.8406999999999999	0.8007	0.8358	0.7942	0.8467	0.7981999999999999	0.657995163	0.964296179451999	0.816811938950526
WES	114521-1	PCR	114521	0.9915	0.9733	0.9911	0.9686	0.9926	0.9786	0.9918	0.9765	0.944049809	0.9028	0.8744	0.9051	0.8598	0.9045	0.8870999999999999	0.8975	0.8740000000000001	0.703625275	0.9829193400813035	0.8878878386658483
WES	114521-2	PCR	114521	0.9914	0.9682	0.9921	0.9737	0.9911	0.9724	0.9921	0.9735	0.943337829	0.9017	0.8579000000000001	0.9019	0.8737999999999999	0.893	0.8637999999999999	0.902	0.8692	0.704945337	0.9817123755109898	0.8825840387201178
WES	114521-3	PCR	114521	0.9915	0.9717	0.9914	0.974	0.9908	0.9702	0.9919	0.9743	0.944477775	0.9038	0.8689	0.9039	0.8758	0.8970999999999999	0.8556999999999999	0.8948	0.8656999999999999	0.708413451	0.981884039797703	0.882888798050024
WES	114656-1	PCR	114656	0.9943	0.9962	0.9944	0.9961	0.9942	0.9961	0.9947	0.9968	0.984689627	0.8684999999999999	0.9306	0.8647	0.9299	0.86	0.9261	0.8615	0.9271	0.82445431	0.9953490882850824	0.8948794325294296
WES	114656-2	PCR	114656	0.9947	0.9962	0.9944	0.9958	0.9945	0.9962	0.9948	0.996	0.984410234	0.8645	0.9303	0.8645	0.9306	0.858	0.9255	0.8554999999999999	0.926	0.824055237	0.9953244637442827	0.893088639852021
WES	114656-3	PCR	114656	0.9949	0.9962	0.9943	0.9961	0.9937	0.9957	0.995	0.9966	0.984350259	0.8653	0.9269	0.8659	0.931	0.8547	0.9246	0.8584999999999999	0.9249	0.805608511	0.9953117784192854	0.8927632466854507
WES	114659-1	PCR	114659	0.9865	0.99	0.9866	0.9899	0.9855	0.9897	0.9853	0.9885	0.949451829	0.8868	0.9452	0.8952	0.9476	0.9013	0.9442	0.8881999999999999	0.9444	0.828468468	0.9877467717165784	0.9183534537923558
WES	114659-2	PCR	114659	0.9864	0.9895	0.9864	0.99	0.9859	0.99	0.9851	0.9888	0.948473329	0.8876000000000001	0.9403	0.8937	0.946	0.8914	0.9409	0.8867	0.9419	0.814377682	0.9877591419990683	0.9153112776093713
WES	114659-3	PCR	114659	0.9868	0.9899	0.9858	0.9896	0.986	0.9898	0.9854	0.9883	0.950292327	0.8933	0.9493	0.8822	0.9403	0.8865000000000001	0.9393	0.8876000000000001	0.9444	0.818796725	0.9876970323731742	0.9145072385339997
WES	114669-1	PCR	114669	0.9581	0.9852	0.9625	0.9855	0.9592	0.9852	0.9671	0.9852	0.958283267	0.4014	0.9121	0.4306	0.9305	0.4105	0.9066	0.4561	0.8881999999999999	0.86029067	0.9733543810162556	0.5785102624908269
WES	114669-2	PCR	114669	0.965	0.9861	0.9588	0.9832	0.964	0.9856	0.9719	0.9856	0.957571437	0.446	0.9284	0.3943	0.9059	0.4267	0.9002	0.5428999999999999	0.9187	0.854489164	0.9749162565277352	0.6033610491153083
WES	114669-3	PCR	114669	0.9655	0.9846	0.9682	0.9865	0.9706	0.9849	0.9711	0.9878	0.960165048	0.4561	0.9059	0.4765	0.908	0.5172	0.9193	0.5113	0.9146	0.860682819	0.9773243324475039	0.6374058732116599
WES	114677-1	PCR	114677	0.996	0.995	0.9958	0.9942	0.9961	0.9951	0.9964	0.9949	0.982158414	0.8998	0.9466	0.8967	0.944	0.8902	0.9415	0.8969	0.9434	0.826212766	0.9954370723978518	0.9192608288124895
WES	114677-2	PCR	114677	0.9959	0.9948	0.9962	0.9952	0.996	0.9952	0.9961	0.9952	0.981961055	0.9009	0.9463	0.8998	0.9466	0.8916	0.9418	0.8967	0.9441	0.826109042	0.9955747702288317	0.9203628621198844
WES	114677-3	PCR	114677	0.9957	0.9948	0.996	0.9948	0.9959	0.9948	0.996	0.9949	0.981138577	0.9032	0.9493	0.9019	0.9496	0.8896999999999999	0.9392	0.8895000000000001	0.9382	0.822655049	0.9953622067685047	0.9194483152408987
WES	114679-1	PCR	114679	0.9772	0.9678	0.9771	0.9702	0.9773	0.97	0.9782	0.9688	0.912014275	0.8534	0.8759999999999999	0.8501000000000001	0.8784000000000001	0.8493999999999999	0.8787	0.8528	0.875	0.736668472	0.9733071715900096	0.8640324115868889
WES	114679-2	PCR	114679	0.9773	0.9689	0.9762	0.9703	0.9773	0.9671	0.978	0.9696	0.912444945	0.8551000000000001	0.8776999999999999	0.8476	0.8784000000000001	0.8498	0.8668	0.8554999999999999	0.8767	0.735262224	0.9730695155798726	0.8632909755565418
WES	114679-3	PCR	114679	0.9775	0.9695	0.9772	0.9683	0.9776	0.9683	0.9778	0.9701	0.91141841	0.8573999999999999	0.8798999999999999	0.8405	0.8692	0.8523000000000001	0.87	0.8551000000000001	0.8779	0.73616724	0.9732689411550067	0.8626306196856359
WES	114822-1	PCR	114822	0.9942	0.9912	0.993	0.9915	0.9946	0.9906	0.9932	0.9903	0.956363129	0.9571	0.9474	0.9549	0.9427	0.9574	0.9433	0.9484	0.9297	0.846098526	0.9923227541875506	0.947560171029822
WES	114822-2	PCR	114822	0.994	0.9913	0.9936	0.9903	0.9934	0.9906	0.9939	0.991	0.956341826	0.9601	0.9406	0.9605	0.9358	0.9454	0.9345	0.9493	0.9337	0.842692585	0.9922603312775929	0.944898221857843
WES	114822-3	PCR	114822	0.9949	0.9914	0.9946	0.9913	0.9947	0.9905	0.9945	0.992	0.958112149	0.952	0.9365	0.9623	0.9468	0.953	0.9454	0.952	0.9351	0.846733668	0.9929845396378603	0.9478331454676417
WES	114885-1	PCR	114885	0.9942	0.9914	0.9948	0.9915	0.9951	0.9914	0.9951	0.9918	0.965717917932	0.9172	0.928	0.9251	0.9273	0.9234	0.9335	0.918	0.9242	0.790025922726	0.9931597745747711	0.9245697965640809
WES	114885-2	PCR	114885	0.9944	0.9923	0.9941	0.9912	0.9951	0.9906	0.9946	0.9916	0.967354851491	0.9186	0.9263	0.9189	0.9243	0.922	0.9298	0.9229	0.9233	0.781168589505	0.9929848518652704	0.9232523876574829
WES	114885-3	PCR	114885	0.995	0.9927	0.9951	0.9917	0.9949	0.9905	0.9951	0.9929	0.968101960562	0.9279	0.9348	0.9192	0.9258	0.9202	0.9232	0.9217	0.9343	0.794964028777	0.9934849168049819	0.9258700511870771
WES	114945-1	PCR	114945	0.9869	0.9895	0.9876	0.9899	0.9868	0.9896	0.9862	0.9884	0.949403388	0.855	0.9272	0.8656	0.9337	0.8599	0.9319	0.8728	0.9355	0.817370409	0.9881109358259066	0.8963787994490319
WES	114945-2	PCR	114945	0.9882	0.99	0.9883	0.9903	0.9871	0.9889	0.9858	0.9882	0.942942144	0.8709	0.9394	0.8687999999999999	0.9386	0.8782	0.936	0.8613	0.9363	0.808561644	0.9883489728633383	0.9024052190301703
WES	114945-3	PCR	114945	0.9855	0.99	0.9867	0.9898	0.988	0.9901	0.9867	0.9895	0.944078073	0.8623999999999999	0.9386	0.8651000000000001	0.9345	0.8652	0.9311	0.8664000000000001	0.9363	0.818024862	0.9882848363348298	0.898571451821665
WES	119130-1	PCR	119130	0.9933	0.9944	0.9934	0.9946	0.994	0.9944	0.9933	0.9936	0.95844368	0.8944	0.9501	0.8865000000000001	0.936	0.9017	0.9532	0.8870999999999999	0.9361	0.776436031	0.9938748176433436	0.9174158445706898
WES	119130-2	PCR	119130	0.9934	0.9939	0.9926	0.9941	0.9934	0.9943	0.9917	0.9938	0.9583612	0.8865000000000001	0.9431	0.8801000000000001	0.9415	0.8649	0.9325	0.8869	0.9292	0.765816496	0.9933995141325856	0.9071689731645574
WES	119130-3	PCR	119130	0.9931	0.994	0.9922	0.9934	0.9934	0.9948	0.9927	0.9945	0.957044418	0.8732	0.9368	0.879	0.9423	0.8853	0.9413	0.8970999999999999	0.9406	0.764413519	0.9935120313622622	0.9110523330217455
WES	121286-1	PCR	121286	0.9948	0.9929	0.994	0.9913	0.9942	0.9917	0.9945	0.9925	0.964361287	0.9447	0.9398	0.9376	0.9349	0.9416	0.9349	0.9414	0.9328	0.817637627	0.9932361689460889	0.938452497707866
WES	121286-2	PCR	121286	0.9949	0.9931	0.9943	0.9924	0.9933	0.9888	0.9947	0.9921	0.964917059	0.946	0.9433	0.9388	0.9332	0.9369	0.9189	0.9377	0.9336	0.813888889	0.9929478667805498	0.9360244773065662
WES	121286-3	PCR	121286	0.995	0.9925	0.9946	0.9931	0.9947	0.9937	0.9948	0.9928	0.964917059	0.9439	0.9357	0.9396	0.9406	0.9387	0.9384	0.9423	0.9344	0.813888889	0.9938991509987589	0.9391912989305717
WES	121381-1	PCR	121381	0.9964	0.9952	0.9957	0.9958	0.9964	0.9972	0.9955	0.9968	0.979249407	0.9579	0.9628	0.9527	0.9605	0.956	0.9713	0.9564	0.9596	0.883661249	0.9961247628310992	0.959628611835304
WES	121381-2	PCR	121381	0.9952	0.9966	0.9961	0.9961	0.9963	0.9973	0.995	0.9967	0.979560379	0.9537	0.9659	0.9639	0.9667	0.9488	0.9713	0.9526	0.9557	0.878684323	0.9961621329173227	0.9597812135075993
WES	121381-3	PCR	121381	0.9965	0.9955	0.9954	0.9963	0.9958	0.9968	0.9954	0.9963	0.976289582	0.9602	0.9667	0.958	0.9659	0.9521	0.9658	0.9526	0.9573	0.873465933	0.9959997728449487	0.9598045257472486
WES	121406-1	PCR	121406	0.9982	0.9982	0.998	0.9982	0.9979	0.9975	0.9985	0.998	0.980822099	0.9959	0.9959	0.9918	0.9959	0.992	0.996	0.9918	1.0	0.941422594	0.9980624718197962	0.9949062170362709
WES	121406-2	PCR	121406	0.9979	0.998	0.9978	0.9985	0.9979	0.9978	0.9985	0.9981	0.98148884	0.9918	1.0	0.9918	0.9959	0.9841	0.992	0.9878	1.0	0.939457203	0.9980624580485793	0.9929064156777432
WES	121406-3	PCR	121406	0.9983	0.9985	0.998	0.9981	0.9981	0.9975	0.9984	0.9985	0.982029983	0.9918	0.9959	0.9959	1.0	0.988	0.992	0.9878	1.0	0.941544885	0.9981749736941931	0.9939125203959369
WES	121411-1	PCR	121411	0.9934	0.9981	0.9945	0.9983	0.9956	0.9978	0.9957	0.9983	0.977580055	0.8894	0.9478	0.8879	0.943	0.8896999999999999	0.9364	0.8815999999999999	0.9363	0.826385599	0.996459480448692	0.913218151313139
WES	121411-2	PCR	121411	0.9952	0.9975	0.9943	0.9981	0.9957	0.9977	0.9957	0.9978	0.978919515	0.8841	0.9387	0.8842	0.9376	0.8776999999999999	0.9385	0.8808	0.9373	0.823877069	0.9964982348697825	0.9089885107371607
WES	121411-3	PCR	121411	0.9942	0.998	0.9948	0.9978	0.9954	0.9983	0.9956	0.9983	0.977779244	0.8931	0.9456	0.8837999999999999	0.9382	0.8687	0.9342	0.8855	0.9405	0.821775148	0.9965475450726315	0.9103050596229989
WES	121475-1	PCR	121475	0.9917	0.9835	0.9911	0.9858	0.9927	0.9847	0.9931	0.9859	0.955119883	0.8969	0.9048	0.8959999999999999	0.9161	0.8732	0.8970999999999999	0.8908	0.9088	0.777887952	0.9885491484977021	0.8978674632983077
WES	121475-2	PCR	121475	0.9925	0.984	0.9906	0.9831	0.9927	0.9853	0.9909	0.986	0.952560918	0.8993000000000001	0.9079	0.8906999999999999	0.9017	0.8812000000000001	0.9099	0.8981	0.9016	0.769306444	0.9881243894880815	0.8987281101831621
WES	121475-3	PCR	121475	0.9928	0.9844	0.9929	0.9849	0.9932	0.9848	0.9923	0.984	0.956402981	0.9005	0.9203	0.9124	0.9172	0.8718	0.9014	0.8862000000000001	0.8996	0.766183575	0.9886451779398372	0.901072179252474
WES	121477-1	PCR	121477	0.9964	0.9965	0.9961	0.9967	0.9962	0.9958	0.9965	0.9972	0.981355052	0.922	0.9597	0.9173	0.9567	0.9196	0.9582	0.9201	0.9572	0.819534185	0.9964249360295465	0.9384612080206198
WES	121477-2	PCR	121477	0.9966	0.9968	0.9961	0.9966	0.9961	0.9962	0.9967	0.997	0.980842983	0.9232	0.9603	0.9145	0.957	0.9169	0.9572	0.9192	0.9527	0.820617005	0.9965124755392922	0.9372297463420234
WES	121477-3	PCR	121477	0.9965	0.9965	0.9963	0.9969	0.9958	0.9962	0.9956	0.9969	0.980533299	0.9214	0.958	0.9265	0.961	0.927	0.9585	0.9213	0.955	0.829026442	0.9963373613604938	0.9407781387409434
WES	121503-1	PCR	121503	0.9948	0.9923	0.9947	0.9935	0.9955	0.9933	0.995	0.9931	0.973249718	0.91	0.9504	0.9263	0.9616	0.9144	0.951	0.9133	0.9533	0.786806114	0.9940239851259167	0.9346484201063043
WES	121503-2	PCR	121503	0.9952	0.9942	0.9954	0.9934	0.9952	0.9928	0.9949	0.9931	0.974235498	0.9157	0.9575	0.9153	0.9587	0.9073	0.9499	0.9198	0.951	0.811310641	0.9942741198637286	0.9339705824862714
WES	121503-3	PCR	121503	0.9958	0.9936	0.9953	0.9935	0.9947	0.9928	0.9956	0.9934	0.972964392	0.9257	0.9604	0.9168	0.9581	0.9149	0.9552	0.9254	0.9602	0.805390836	0.9943364610308449	0.939205142520209
WES	121512-1	PCR	121512	0.9876	0.9904	0.987	0.9896	0.9873	0.9902	0.9856	0.989	0.945231214	0.8588	0.9321	0.8434999999999999	0.9296	0.8548	0.936	0.8532	0.9323	0.815327481	0.9883353136489362	0.8907416109475318
WES	121512-2	PCR	121512	0.9873	0.9898	0.9869	0.9898	0.9869	0.9903	0.9858	0.9888	0.945689593	0.8476	0.9321	0.8487	0.9223	0.8511	0.927	0.8469	0.9355	0.808319468	0.9881977724627057	0.8870606532504683
WES	121512-3	PCR	121512	0.9876	0.99	0.9869	0.9898	0.9873	0.9902	0.9861	0.9888	0.946001877	0.8590000000000001	0.937	0.8429000000000001	0.9296	0.8634000000000001	0.9377	0.8432999999999999	0.9274	0.791597751	0.9883356110802883	0.8907015259479
WES	121532-1	PCR	121532	0.9955	0.9941	0.9953	0.9942	0.9951	0.995	0.9963	0.9944	0.974215305	0.8315	0.9121	0.8286	0.9153	0.8434999999999999	0.9209	0.841	0.9189	0.798438609	0.9949870735283768	0.8746150336512744
WES	121532-2	PCR	121532	0.9956	0.9931	0.9952	0.9944	0.9958	0.9946	0.9955	0.9938	0.973290765	0.8417	0.9178	0.8276	0.9137	0.843	0.9258	0.833	0.9013	0.795044248	0.9947492949157158	0.8737231941988769
WES	121532-3	PCR	121532	0.9949	0.994	0.9958	0.9937	0.9951	0.9948	0.9952	0.9942	0.974957225	0.8389	0.9194	0.8286	0.9145	0.8515999999999999	0.9242	0.8409	0.9133	0.812255077	0.9947121035262294	0.8771906377326756
WES	121535-1	PCR	121535	0.994	0.9941	0.9947	0.9949	0.9939	0.9942	0.9956	0.9952	0.973008362	0.908	0.9223	0.8989	0.9293	0.8873000000000001	0.9111	0.9056	0.9238	0.754185209	0.9945749811533093	0.9106483423468388
WES	121535-2	PCR	121535	0.9951	0.9961	0.9949	0.9955	0.9947	0.9957	0.9948	0.9954	0.975920974	0.8978	0.9333	0.9046	0.9268	0.8945000000000001	0.9294	0.8986	0.9299	0.776621214	0.9952748292030239	0.9140923815932177
WES	121535-3	PCR	121535	0.9942	0.9946	0.995	0.9953	0.9946	0.9958	0.9948	0.9951	0.974228184	0.9046	0.9272	0.8967	0.9226	0.8918	0.9294	0.8961	0.9244	0.77345299	0.9949248882036363	0.9113670304660244
WES	121567-1	PCR	121567	0.856	0.8992	0.8558	0.9	0.855	0.9014	0.8572	0.9014	0.650841819	0.8215	0.8456	0.8195	0.8482	0.8036	0.8388	0.8189	0.843	0.553849528	0.8776859215206646	0.829644225386734
WES	121567-2	PCR	121567	0.8556999999999999	0.9026	0.8561	0.8974	0.8549	0.9005	0.8575	0.904	0.650419528	0.831	0.8662000000000001	0.8245	0.8439	0.7975	0.8301000000000001	0.8175	0.8532	0.562597114	0.8780080279029184	0.8326910699734655
WES	121567-3	PCR	121567	0.8552	0.902	0.8556	0.9027	0.8538	0.9053	0.8573000000000001	0.9025	0.653493713	0.8243	0.8551000000000001	0.8219	0.8551000000000001	0.8031	0.8536	0.8187000000000001	0.8477	0.570859608	0.878652900282153	0.8345292283210147
WES	121596-1	PCR	121596	0.995	0.9951	0.9949	0.9948	0.9951	0.9954	0.9952	0.9953	0.965892143	0.9106	0.936	0.9158	0.9341	0.9219	0.941	0.9255	0.9374	0.770306098	0.9950999924638262	0.9276872182982713
WES	121596-2	PCR	121596	0.9953	0.9959	0.9948	0.9953	0.9955	0.996	0.9951	0.9959	0.969040118	0.9178	0.9436	0.9143	0.9382	0.9205	0.9456	0.9148	0.9348	0.780985327	0.9954749058253307	0.9285475227368509
WES	121596-3	PCR	121596	0.9952	0.996	0.9953	0.9953	0.9952	0.9953	0.9952	0.9951	0.967106548	0.9221	0.9445	0.9165	0.9389	0.9177	0.9352	0.9195	0.9333	0.781531802	0.9953249585671933	0.9283615864653825
WES	122128-1	PCR	122128	0.9877	0.9903	0.9879	0.9903	0.9881	0.9903	0.9866	0.989	0.944973087	0.851	0.9345	0.8539	0.9321	0.8608	0.9377	0.8539	0.9323	0.823450135	0.9887735385846529	0.8927677335351456
WES	122128-2	PCR	122128	0.9882	0.9906	0.9879	0.9901	0.9873	0.9902	0.9863	0.9893	0.942562698	0.8547	0.9337	0.8504999999999999	0.9304	0.8527	0.9319	0.8593999999999999	0.9411	0.818823529	0.9887357292257882	0.8925129330544213
WES	122128-3	PCR	122128	0.9883	0.9903	0.9883	0.9903	0.9884	0.9904	0.9865	0.9884	0.943300701	0.8497	0.9296	0.8604	0.9345	0.8681	0.9401	0.8595999999999999	0.9323	0.792049934	0.988861513421163	0.8952295580462607
WES	122334-1	PCR	122334	0.9954	0.9951	0.9952	0.9947	0.9949	0.9942	0.995	0.9951	0.977138255	0.925	0.9755	0.9302	0.9734	0.9303	0.9788	0.9364	0.9736	0.897939156	0.994949947222917	0.9523651367014629
WES	122334-2	PCR	122334	0.9956	0.9951	0.9955	0.995	0.9947	0.994	0.9952	0.9945	0.976842236	0.9301	0.9714	0.9374	0.9714	0.9375	0.9745	0.92	0.9675	0.893743793	0.9949499070198817	0.950798249010129
WES	122334-3	PCR	122334	0.9952	0.9945	0.996	0.9951	0.9951	0.994	0.9947	0.995	0.977353808	0.9302	0.9734	0.9319	0.9714	0.9394	0.9745	0.9346	0.9736	0.915662651	0.994949836671643	0.9532198827848517
WES	122343-1	PCR	122343	0.9962	0.9957	0.9959	0.9972	0.9959	0.9965	0.9968	0.9968	0.971587365	0.9454	0.963	0.9444	0.9657	0.9414	0.9651	0.942	0.9594	0.830942749	0.9963748557349674	0.9531932894965316
WES	122343-2	PCR	122343	0.9963	0.9971	0.9966	0.9968	0.9966	0.997	0.9972	0.9963	0.970788043	0.941	0.9645	0.942	0.9628	0.9422	0.9649	0.9452	0.9607	0.82404224	0.9967373965371151	0.9527983497601212
WES	122343-3	PCR	122343	0.9967	0.9971	0.9965	0.9974	0.9963	0.9968	0.9968	0.9971	0.971105963	0.9481	0.9672	0.9429	0.9659	0.9411	0.9605	0.9405	0.9619	0.820562797	0.9968374178677234	0.9533992182524498
WES	126176-1	PCR	126176	0.987	0.9903	0.9873	0.9898	0.9867	0.99	0.9856	0.989	0.948332890702	0.855	0.9313	0.8656	0.9337	0.8540000000000001	0.9344	0.8452	0.9323	0.799206086669	0.9882099959702312	0.8922226192911721
WES	126176-2	PCR	126176	0.9873	0.9902	0.9872	0.99	0.9864	0.9899	0.9854	0.9889	0.946329932219	0.8367	0.9337	0.855	0.9362	0.8564	0.9336	0.8479000000000001	0.9298	0.762392069076	0.9881599223462174	0.8891502060334354
WES	126176-3	PCR	126176	0.9869	0.9902	0.9872	0.9898	0.9862	0.9899	0.9857	0.989	0.945339248686	0.8479000000000001	0.9345	0.8471	0.9329	0.8540000000000001	0.9385	0.8576999999999999	0.9419	0.794370860927	0.988109828757704	0.8922792146173018
WES	130008-6-1	PCR	130008-6	0.9867	0.9132	0.9846	0.9127	0.987	0.9042	0.9832	0.8961	0.860208116	0.8109000000000001	0.727	0.8066	0.7217	0.8072	0.7204999999999999	0.8026000000000001	0.6973	0.577586207	0.9443087358859867	0.7590241919101441
WES	130008-6-2	PCR	130008-6	0.9858	0.9149	0.9858	0.9132	0.9851	0.9033	0.9835	0.8967	0.855578822	0.8085	0.7295	0.8157	0.7328	0.7958	0.7143999999999999	0.8106	0.7031000000000001	0.591124198	0.9444161566774784	0.7612352642678868
WES	130008-6-3	PCR	130008-6	0.9864	0.9139	0.9851	0.913	0.9841	0.9035	0.9828	0.8967	0.859923987	0.8116	0.73	0.8210999999999999	0.7336	0.7990999999999999	0.7147	0.8133	0.7062	0.583529171	0.9440761752195921	0.7635127179022375
WES	130207-1	PCR	130207	0.9859	0.9137	0.9865	0.9115	0.9869	0.9039	0.9837	0.8969	0.867629179	0.8167	0.7267	0.8111	0.7173	0.7958	0.7161	0.8058	0.6975	0.597225142	0.9444553061400556	0.7579989651498138
WES	130207-2	PCR	130207	0.9866	0.9128	0.9872	0.9114	0.987	0.9045	0.9841	0.8939	0.873376237	0.8055	0.7237	0.8062	0.7154	0.7979	0.7112999999999999	0.8106	0.6896	0.581201044	0.9442094589841892	0.7544596695964789
WES	130207-3	PCR	130207	0.9857	0.9136	0.9859	0.9109	0.987	0.9037	0.9839	0.8935	0.874052161	0.8155	0.7251000000000001	0.8101	0.7159	0.7976000000000001	0.7071	0.8197	0.6849	0.596216216	0.9438093175969016	0.755907549989637
WES	301152-1	PCR-free	301152	0.9936	0.9931	0.9928	0.9911	0.9935	0.9918	0.9937	0.9931	0.969266532	0.8905	0.9344	0.8905	0.9335	0.8862000000000001	0.9341	0.8889	0.932	0.770299865	0.9928370975676566	0.9107187016357419
WES	301152-2	PCR-free	301152	0.9941	0.9924	0.9935	0.9922	0.9934	0.9924	0.9939	0.9927	0.970386834	0.8955	0.9385	0.887	0.9337	0.8843000000000001	0.9288	0.8848	0.9297	0.766997644	0.9930745582078476	0.909736343136563
WES	301152-3	PCR-free	301152	0.9939	0.9937	0.9941	0.9944	0.9934	0.991	0.9937	0.9937	0.970758737	0.8898	0.9356	0.8989	0.9393	0.8808	0.9273	0.8858	0.933	0.780961957	0.9934871289967979	0.9107552729838365
WES	301157-1	PCR	301157	0.9945	0.9911	0.9945	0.9913	0.9945	0.9905	0.9946	0.9897	0.977873104	0.9445	0.9557	0.9463	0.9591	0.9348	0.9524	0.9315	0.945	0.870848708	0.9925836076289957	0.94611084238168
WES	301157-2	PCR	301157	0.9949	0.9916	0.9947	0.9911	0.9948	0.99	0.9946	0.9904	0.978344165	0.9376	0.954	0.9456	0.9563	0.9251	0.9472	0.9285	0.9456	0.862374821	0.99275843709839	0.9424100909910177
WES	301157-3	PCR	301157	0.9948	0.9911	0.9944	0.9911	0.9943	0.9894	0.9951	0.9901	0.976403541	0.9391	0.9534	0.9463	0.9586	0.9287	0.9472	0.9279	0.9439	0.868866571	0.9925328656001587	0.9430741641449932
WES	302073-1	PCR	302073	0.9928	0.9924	0.9934	0.9934	0.9943	0.9941	0.994	0.9927	0.964490711751	0.9259	0.9369	0.9251	0.9379	0.9099	0.9311	0.9067	0.9221	0.799704724409	0.9933873810787552	0.9243841613734471
WES	302073-2	PCR	302073	0.9939	0.9921	0.993	0.9938	0.9944	0.994	0.994	0.9933	0.966933736984	0.9325	0.9348	0.9409	0.9462	0.9221	0.9332	0.9202	0.9324	0.812285012285	0.9935622149277036	0.9327669413589601
WES	302073-3	PCR	302073	0.9946	0.9937	0.9942	0.9946	0.9931	0.993	0.9933	0.9933	0.965150804813	0.9393	0.9534	0.92	0.9441	0.9295	0.9258	0.9083	0.918	0.793188548865	0.9937249383914115	0.9297405605779059
WES	302087-1	PCR	302087	0.9932	0.998	0.9927	0.9979	0.9939	0.9982	0.9936	0.9981	0.975306443	0.9538	0.979	0.9403	0.9775	0.9306	0.9627	0.9549	0.9759	0.845080251	0.9956944245484373	0.9591096525800598
WES	302087-2	PCR	302087	0.9941	0.9971	0.9928	0.9982	0.9943	0.9979	0.9936	0.9979	0.974088804	0.9481	0.973	0.9387	0.973	0.9334	0.9658	0.9494	0.9759	0.824524313	0.9957331305470022	0.9569305451352321
WES	302087-3	PCR	302087	0.9939	0.9977	0.9934	0.9982	0.9943	0.9978	0.9934	0.9983	0.974238876	0.9491	0.9655	0.9387	0.9745	0.9304	0.9612	0.958	0.9849	0.829234013	0.9958703720802462	0.9575769610895306
WES	303033-1	PCR	303033	0.9942	0.9978	0.9943	0.9978	0.994	0.9981	0.9945	0.9975	0.976900425	0.9228	0.9582	0.9236	0.9582	0.9174	0.954	0.921	0.9512	0.84360301	0.9960217985353139	0.9379868308274881
WES	303033-2	PCR	303033	0.9939	0.9978	0.9943	0.9981	0.9944	0.9976	0.9945	0.9977	0.976532369	0.9319	0.9572	0.9325	0.9602	0.9177	0.9525	0.9259	0.9586	0.848905625	0.9960343543948305	0.9418176016823839
WES	303033-3	PCR	303033	0.9942	0.9979	0.9943	0.9981	0.9943	0.9981	0.9947	0.9979	0.977066818	0.9311	0.9587	0.9378	0.9662	0.9215	0.956	0.9225	0.9591	0.854994125	0.9961841867199206	0.9438409269416349
WES	308004-1	PCR	308004	0.9958	0.9966	0.9959	0.9966	0.9954	0.9948	0.9953	0.9949	0.982542777	0.8803	0.9369	0.8803	0.9369	0.8615999999999999	0.9302	0.8824	0.939	0.823103505	0.99566239644711	0.9049611185423838
WES	308004-2	PCR	308004	0.9955	0.9961	0.9953	0.9967	0.9953	0.9954	0.9957	0.9961	0.982407896	0.8839	0.9388	0.8795999999999999	0.9392	0.8687	0.9317	0.8753	0.9346	0.817365758	0.995762343744045	0.9055057437634761
WES	308004-3	PCR	308004	0.9956	0.9964	0.9956	0.9969	0.9955	0.9956	0.9955	0.9962	0.982705576	0.8833	0.9369	0.8826999999999999	0.9392	0.8698	0.9325	0.8795000000000001	0.9338	0.817760873	0.9959123224363557	0.9063202714271384
WES	312006-1	PCR	312006	0.9961	0.9963	0.9962	0.9959	0.9958	0.9962	0.9964	0.9959	0.980602247	0.8983	0.9478	0.8966	0.9459	0.879	0.9388	0.885	0.9367	0.813556485	0.9960999661176075	0.9152523913576462
WES	312006-2	PCR	312006	0.9961	0.996	0.9958	0.9952	0.9959	0.9963	0.9965	0.9957	0.979235582	0.8942	0.9459	0.8919	0.9425	0.8743000000000001	0.9354	0.8926000000000001	0.9441	0.804759511	0.9959374265750504	0.914318094309601
WES	312006-3	PCR	312006	0.9961	0.996	0.9959	0.9956	0.9958	0.9957	0.9959	0.996	0.980808317	0.889	0.9414	0.8956999999999999	0.9466	0.8756999999999999	0.9342	0.8797	0.9363	0.798891129	0.9958749924683041	0.9115048370406362
WES	314133-1	PCR	314133	0.9948	0.9894	0.995	0.9886	0.9959	0.9891	0.9959	0.9894	0.961734838	0.924	0.9246	0.9275	0.9234	0.9316	0.9252	0.9264	0.9252	0.798	0.9922525098059503	0.925983485753369
WES	314133-2	PCR	314133	0.9944	0.988	0.9943	0.9881	0.9951	0.9905	0.9955	0.9879	0.961550409	0.929	0.9214	0.9221	0.9224	0.9277	0.931	0.9232	0.9242	0.792518703	0.9917150211374622	0.9251202920123598
WES	314133-3	PCR	314133	0.9947	0.9896	0.9949	0.9879	0.9942	0.9856	0.9953	0.9891	0.961458495	0.9267	0.928	0.9243	0.92	0.9215	0.912	0.9238	0.9211	0.780399501	0.9914006813964892	0.9221669861357362
WES	321031-1	PCR	321031	0.995	0.9897	0.9954	0.9914	0.9952	0.9909	0.9953	0.99	0.963914838	0.9305	0.9275	0.9306	0.9355	0.937	0.9361	0.9323	0.9296	0.805025887	0.9928567918598905	0.9323847427353061
WES	321031-2	PCR	321031	0.9949	0.9891	0.9935	0.9903	0.9943	0.9883	0.9954	0.9897	0.964986311	0.9313	0.9265	0.9296	0.9302	0.9291	0.9188	0.9364	0.933	0.807799091	0.9919304197045173	0.9293529762184576
WES	321031-3	PCR	321031	0.9946	0.9896	0.9944	0.9888	0.9945	0.9903	0.9952	0.9893	0.963394718	0.9353	0.9316	0.9341	0.9299	0.9282	0.9325	0.9332	0.9286	0.8069976	0.9920806448935328	0.9316702376253674
WES	322021-1	PCR	322021	0.9955	0.988	0.9945	0.9886	0.9951	0.9885	0.9948	0.9878	0.964569101	0.9328	0.9261	0.9341	0.9292	0.9305	0.9259	0.9297	0.9233	0.798487713	0.9915884265774615	0.9289411828086195
WES	322021-2	PCR	322021	0.996	0.9891	0.9948	0.9895	0.9941	0.9897	0.9945	0.9887	0.962447198	0.9327	0.9285	0.9332	0.9287	0.9321	0.9283	0.9308	0.9267	0.804507533	0.9920418923328558	0.9301203543358803
WES	322021-3	PCR	322021	0.9961	0.9914	0.9945	0.9903	0.9951	0.9894	0.9941	0.9882	0.963799819	0.9355	0.9377	0.9246	0.928	0.9298	0.9283	0.9314	0.9282	0.804619226	0.9923807582121917	0.930435557354024
WES	322024-1	PCR	322024	0.9954	0.996	0.9944	0.9953	0.9944	0.9953	0.9951	0.9962	0.976107639	0.9287	0.9775	0.9283	0.9714	0.9225	0.9724	0.9259	0.9756	0.902697495	0.9952622996732893	0.9496824703433497
WES	322024-2	PCR	322024	0.9948	0.9966	0.9949	0.9964	0.9949	0.9953	0.9947	0.9966	0.976523799	0.9323	0.9775	0.9341	0.9775	0.9339	0.9766	0.9268	0.9634	0.896749522	0.9955244187261003	0.9522977328372151
WES	322024-3	PCR	322024	0.995	0.9967	0.9948	0.9961	0.9948	0.996	0.995	0.9966	0.976780043	0.9375	0.9734	0.9304	0.9755	0.9361	0.983	0.9327	0.9715	0.900483092	0.9956244614237445	0.9545526967356712
WES	322057-1	PCR	322057	0.9881	0.9949	0.9884	0.9946	0.9879	0.9953	0.9884	0.9951	0.962349657098	0.8809999999999999	0.935	0.8837	0.9291	0.8754000000000001	0.9288	0.8781	0.9315	0.779316837009	0.9915758816715988	0.9045876202128739
WES	322057-2	PCR	322057	0.9887	0.995	0.9884	0.9946	0.9883	0.9947	0.9887	0.9951	0.962880590324	0.8825	0.9316	0.8752	0.93	0.8675	0.9238	0.8815999999999999	0.9336	0.788222726666	0.9916774130435855	0.9024435483579984
WES	322057-3	PCR	322057	0.9885	0.995	0.989	0.9951	0.9884	0.9952	0.9888	0.9949	0.964026915114	0.8751000000000001	0.9272	0.8734999999999999	0.9238	0.8698999999999999	0.9269	0.8765999999999999	0.9296	0.777881911903	0.9918522345182221	0.8995403485483262
